"STATION","NAME","LATITUDE","LONGITUDE","ELEVATION","DATE","CDSD","CDSD_ATTRIBUTES","DSND","DSND_ATTRIBUTES","DSNW","DSNW_ATTRIBUTES","EMNT","EMNT_ATTRIBUTES","EMSD","EMSD_ATTRIBUTES","EMSN","EMSN_ATTRIBUTES","EMXP","EMXP_ATTRIBUTES","EMXT","EMXT_ATTRIBUTES","HDSD","HDSD_ATTRIBUTES","PRCP","PRCP_ATTRIBUTES","SNOW","SNOW_ATTRIBUTES","TAVG","TAVG_ATTRIBUTES","TMAX","TMAX_ATTRIBUTES","TMIN","TMIN_ATTRIBUTES"
"US1FLLV0015","INGLIS 0.6 N, FL US","29.04094","-82.65981","10.4","2024",,,,,,,,,,,,,"9.50"," ,N,0805, ",,,,,"56.98"," ,N",,,,,,,,
"US1FLCY0007","KEYSTONE HEIGHTS 3.5 ENE, FL US","29.798056","-81.978811","39.0","2024",,,,,,,,,,,,,"2.81"," ,N,0404, ",,,,,"53.75"," ,N",,,,,,,,
"US1FLLE0068","LEHIGH ACRES 3.8 SSW, FL US","26.550393","-81.650833","8.5","2024",,,,,,,,,,,,,"6.82"," ,N,0613, ",,,,,"69.27"," ,N",,,,,,,,
"USW00093837","JACKSONVILLE NAS, FL US","30.23333","-81.66667","6.1","2024","3797",,,,,,"33","W,0117, ",,,,,"3.99"," ,W,0905, ","102","W,0624,+","625","4","49.17"," ,W",,,"73.7","W","81.8","W","65.6","W"
"US1FLPK0039","BARTOW 7.8 SE, FL US","27.828452","-81.743273","57.9","2024",,,,,,,,,,,,,"4.82"," ,N,1010, ",,,,,"50.18"," ,N",,,,,,,,
"USW00012832","APALACHICOLA AIRPORT, FL US","29.72681","-85.02481","5.5","2024","3211",,,,,,"27","W,0117, ",,,,,"7.45"," ,W,0926, ","99","W,0814, ","1113","1","76.39"," ,W",,,"70.9","W","79.4","W","62.3","W"
"USC00088620","STUART, FL US","27.1897","-80.2397","4.0","2024","4407",,,,,,"47","7,0121, ",,,,,"5.81"," ,7,0613, ","97","7,0710,+","121","0","58.98"," ,7",,,"76.7","7","83.7","7","69.9","7"
"US1FLPK0032","LAKELAND 5.3 WNW, FL US","28.06498","-82.04227","34.1","2024",,,,,,,,,,,,,"11.89"," ,N,1010, ",,,,,"74.36"," ,N",,,,,,,,
"USC00085359","MARCO ISLAND, FL US","25.9491","-81.7138","3.0","2024","4254",,,,,,"45","7,0122,+",,,,,"5.89"," ,7,0612, ","97","7,0630, ","178","1","69.47"," ,7",,,"76.1","7","84.0","7","68.1","7"
"US1FLHB0069","RIVERVIEW 2.1 W, FL US","27.8658","-82.3507","13.1","2024",,,,,"         0","N",,,,,"0.0"," ,N,1231,+","8.85"," ,N,1010, ",,,,,"70.05"," ,N","0.0"," ,N",,,,,,
"US1FLAL0055","GAINESVILLE 7.7 W, FL US","29.657232","-82.463644","25.6","2024",,,,,,,,,,,,,"4.31"," ,N,0805, ",,,,,"49.79"," ,N",,,,,,,,
"USC00080211","APALACHICOLA AIRPORT, FL US","29.7258","-85.0205","6.1","2024",,,,,"         0","H",,,,,"0.0"," ,H,1231,+","7.45"," ,H,0926, ",,,,,"74.68"," ,H","0.0"," ,H",,,,,,
"US1FLSS0014","NORTH PORT 1.6 ENE, FL US","27.061","-82.172","10.1","2024",,,,,,,,,,,,,,,,,,,"81.81"," ,N",,,,,,,,
"US1FLSS0015","NORTH PORT 4.7 NNE, FL US","27.113171","-82.165734","17.1","2024",,,,,,,,,,,,,"4.24"," ,N,0805, ",,,,,"68.46"," ,N",,,,,,,,
"US1FLHB0181","RUSKIN 3.9 ENE, FL US","27.737448","-82.371593","14.6","2024",,,,,,,,,,,,,"10.15"," ,N,0805, ",,,,,"67.41"," ,N",,,,,,,,
"US1FLAL0051","MICANOPY 2.1 NNE, FL US","29.5348","-82.2681","20.7","2024",,,,,,,,,,,,,"5.15"," ,N,0805, ",,,,,"50.23"," ,N",,,,,,,,
"US1FLCR0012","NAPLES 5.7 SE, FL US","26.097565","-81.722053","7.0","2024",,,,,,,,,,,,,"5.57"," ,N,0612, ",,,,,"84.84"," ,N",,,,,,,,
"US1FLHL0030","SEBRING 2.8 WNW, FL US","27.499490737915","-81.4979629516602","48.2","2024",,,,,,,,,,,,,"2.38"," ,N,0612, ",,,,,"47.63"," ,N",,,,,,,,
"US1FLJK0002","ALFORD 0.6 SSE, FL US","30.6871579","-85.3929456","41.5","2024",,,,,,,,,,,,,"10.20"," ,N,0927, ",,,,,"59.19"," ,N",,,,,,,,
"USR0000FCEN","CENTRAL FLORIDA, FL US","29.105","-81.63","18.6","2024","3483",,,,,,"31","U,1203, ",,,,,,,"102","U,0609,+","689","6",,,,,"72.5","U","84.6","U","60.3","U"
"USR0000FMIL","MILES CITY FLORIDA, FL US","26.2483","-81.2967","4.6","2024","4456",,,,,,"44","U,1204,+",,,,,,,"99","U,0606, ","113","9",,,,,"76.8","U","86.6","U","67.0","U"
"USC00088051","SCOTTSMOOR 2.5 SSW, FL US","28.7299","-80.8795","12.8","2024","3190",,,,,,"34","7,0121, ",,,,,"6.03"," ,7,1003, ","97","7,0609,+",,,"58.98"," ,7",,,"71.9","7","81.4","7","62.3","7"
"USW00063871","BONIFAY TRI CO AIRPORT, FL US","30.84315","-85.60431","31.2","2024",,,,,,,,,,,,,,,,,,,,,,,,,,,,
"USC00087760","ROYAL PALM RANGER STATION, FL US","25.3866","-80.5936","2.1","2024",,,,,,,,,,,,,"6.55"," ,7,0612, ",,,,,"64.75"," ,7",,,,,,,,
"US1FLCH0047","HARBOUR HEIGHTS 3.0 NNW, FL US","27.030939","-82.031259","6.4","2024",,,,,,,,,,,,,"3.12"," ,N,0806, ",,,,,"68.43"," ,N",,,,,,,,
"USR0000FSUM","SUMATRA FLORIDA, FL US","30.0175","-84.9842","18.3","2024","3222",,,,,,"24","U,0117, ",,,,,,,"100","U,0812,+","1124","6",,,,,"70.8","U","82.6","U","59.0","U"
"US1FLLE0076","FORT MYERS 10.0 NE, FL US","26.71693","-81.7211","2.4","2024",,,,,,,,,,,,,"3.98"," ,N,0116, ",,,,,"58.16"," ,N",,,,,,,,
"USW00012842","TAMPA INTERNATIONAL AIRPORT, FL US","27.96331","-82.54","1.8","2024","4203",,"        0",,"         0","W","37","W,0121, ","0"," ,W,1231,+","0.0"," ,W,1231,+","11.43"," ,W,1009, ","98","W,0530, ","348","1","80.30"," ,W","0.0"," ,W","75.5","W","83.6","W","67.5","W"
"USC00083163","FORT LAUDERDALE, FL US","26.1019","-80.2011","4.9","2024","4656",,,,,,"49","7,0220, ",,,,,"8.25"," ,7,0613, ","99","7,0527, ","60","5","80.40"," ,7",,,"77.6","7","84.9","7","70.3","7"
"US1FLSM0052","CASSELBERRY 1.9 E, FL US","28.6663852","-81.2927706","18.9","2024",,,,,,,,,,,,,"3.86"," ,N,0905, ",,,,,"47.20"," ,N",,,,,,,,
"USW00012843","VERO BEACH INTERNATIONAL AIRPORT, FL US","27.6553","-80.41425","5.7","2024",,,,,,,,,,,,,,,,,,,,,,,,,,,,
"US1FLBW0121","POMPANO BEACH 3.1 NE, FL US","26.27232","-80.10258","3.0","2024",,,,,,,,,,,,,"6.10"," ,N,0613, ",,,,,"72.57"," ,N",,,,,,,,
"US1FLAL0050","GAINESVILLE 2.4 SW, FL US","29.6478176116943","-82.36181640625","35.1","2024",,,,,,,,,,,,,"4.81"," ,N,0805, ",,,,,"49.24"," ,N",,,,,,,,
"USW00012841","ORLANDO EXECUTIVE AIRPORT, FL US","28.54653","-81.33544","31.7","2024","4067",,"        0",,"         0","D","37","W,0121, ","0"," ,D,1231,+","0.0"," ,D,1231,+","5.61"," ,W,1009, ","99","W,0606, ","370","6","55.51"," ,W","0.0"," ,D","75.0","W","84.1","W","65.9","W"
"USC00086315","NORTH MIAMI BEACH NUMBER 2, FL US","25.95","-80.2158","3.0","2024",,,,,,,,,,,,,"10.09"," ,7,0613, ",,,,,"59.72"," ,7",,,,,,,,
"USW00093841","WHITING FIELD NAS, FL US","30.71667","-87.01667","60.7","2024",,,,,,,,,,,,,,,,,,,,,,,,,,,,
"USC00087887","ST PETERSBURG 2, FL US","27.80184","-82.73465","6.7","2024","3913",,"        0",,"         0","7","37","7,0121, ","0"," ,7,1231,+","0.0"," ,7,1231,+","10.52"," ,7,1009, ","96","7,0530, ","458","4","73.46"," ,7","0.0"," ,7","74.4","7","82.8","7","65.9","7"
"USC00086319","NORTH PORT, FL US","27.0474","-82.237","3.7","2024","3995",,"        0",,"         0","7","38","7,0121, ","0"," ,7,1231,+","0.0"," ,7,1231,+","4.50"," ,7,0612, ","100","7,0531, ","268","9","72.41"," ,7","0.0"," ,7","75.0","7","84.6","7","65.4","7"
"US1FLLK0003","GROVELAND 1.7 E, FL US","28.565","-81.824","34.1","2024",,,,,,,,,,,,,"10.14"," ,N,1010, ",,,,,"53.20"," ,N",,,,,,,,
"USW00012839","MIAMI INTERNATIONAL AIRPORT, FL US","25.78805","-80.31694","1.4","2024","4999",,,,,,"52","W,0121,+",,,,,"6.25"," ,W,0612, ","98","W,0815, ","28","7","69.59"," ,W",,,"78.5","W","85.1","W","72.0","W"
"US1FLSL0019","PORT ST. LUCIE 4.0 NE, FL US","27.323691","-80.311118","4.3","2024",,,,,,,,,,,,,"4.62"," ,N,0613, ",,,,,"67.77"," ,N",,,,,,,,
"USC00081544","CHIPLEY, FL US","30.7806","-85.5503","39.6","2024",,,"        0",,"         0","7",,,"0"," ,7,1231,+","0.0"," ,7,1231,+","6.40"," ,7,0927, ",,,,,"62.59"," ,7","0.0"," ,7",,,,,,
"US1FLIR0051","FELLSMERE 3.8 N, FL US","27.8208047","-80.5931392","10.4","2024",,,,,,,,,,,,,,,,,,,"52.95"," ,N",,,,,,,,
"US1FLBW0007","POMPANO BEACH HIGHLANDS 0.7 E, FL US","26.286","-80.103","4.9","2024",,,,,,,,,,,,,,,,,,,"62.50"," ,N",,,,,,,,
"US1FLIR0050","VERO BEACH SOUTH 2.4 WNW, FL US","27.630637","-80.449648","5.8","2024",,,,,,,,,,,,,"4.65"," ,N,0721, ",,,,,"68.38"," ,N",,,,,,,,
"US1FLSL0017","TRADITION 5.6 W, FL US","27.268118","-80.445381","7.0","2024",,,,,,,,,,,,,"5.17"," ,N,0613, ",,,,,"59.77"," ,N",,,,,,,,
"USW00012838","MELBOURNE INTERNATIONAL AIRPORT, FL US","28.09969","-80.6356","6.7","2024","3840",,,,,,"40","W,1203,+",,,,,"2.76"," ,W,1009, ","98","W,0527, ","341","5","40.47"," ,W",,,"74.4","W","82.5","W","66.4","W"
"US1FLPN0006","SOUTH PASADENA 1.0 NE, FL US","27.763511","-82.73149","3.7","2024",,,,,,,,,,,,,"11.82"," ,N,1010, ",,,,,"68.09"," ,N",,,,,,,,
"USW00012835","FORT MYERS PAGE FIELD AIRPORT, FL US","26.58495","-81.86146","3.8","2024","4453",,,,,,"43","W,0121, ",,,,,"4.54"," ,W,0613, ","98","W,0605, ","156","5","80.46"," ,W",,,"76.7","W","85.6","W","67.9","W"
"USC00081306","CAPE FLORIDA, FL US","25.6719","-80.1566","1.8","2024","4987",,,,,,"50","7,0221,+",,,,,"4.91"," ,7,0613, ","93","7,0929,+","47","0","60.79"," ,7",,,"78.5","7","84.2","7","72.8","7"
"USW00012836","KEY WEST INTERNATIONAL AIRPORT, FL US","24.55706","-81.75539","0.3","2024","5400",,,,,,"55","W,0102,+",,,,,"2.63"," ,W,0613, ","96","W,0815, ","7","9","49.15"," ,W",,,"79.7","W","84.1","W","75.3","W"
"USW00012833","CROSS CITY AIRPORT, FL US","29.63333","-83.10528","11.6","2024",,,,,,,,,,,,,,,,,"1113","1",,,,,,,,,,
"USW00012834","DAYTONA BEACH INTERNATIONAL AIRPORT, FL US","29.17351","-81.07185","7.9","2024",,,,,,,,,,,,,,,,,,,,,,,,,,,,
"USR0000FOLU","OLUSTEE FLORIDA, FL US","30.2","-82.4","45.7","2024","3160",,,,,,"26","U,1207,+",,,,,,,"100","U,0625, ","1030","1",,,,,"70.8","U","82.6","U","58.9","U"
"US1FLLE0072","FORT MYERS 1.7 WNW, FL US","26.637205","-81.877153","2.7","2024",,,,,,,,,,,,,"6.63"," ,N,0116, ",,,,,"74.70"," ,N",,,,,,,,
"US1FLAL0048","GAINESVILLE 5.4 W, FL US","29.67778","-82.426389","49.7","2024",,,,,,,,,,,,,"5.73"," ,N,0805, ",,,,,"48.85"," ,N",,,,,,,,
"US1FLSL0013","PORT ST. LUCIE 2.4 SSW, FL US","27.249422","-80.371835","11.0","2024",,,,,,,,,,,,,"4.34"," ,N,0920, ",,,,,"65.65"," ,N",,,,,,,,
"USC00089176","VENICE, FL US","27.1006","-82.4364","2.4","2024","4229",,"        0",,"         0","7","38","7,0121, ","0"," ,7,1231,+","0.0"," ,7,1231,+","5.47"," ,7,0822, ","98","7,0530, ","292","4","66.57"," ,7","0.0"," ,7","75.6","7","84.6","7","66.7","7"
"US1FLHL0003","LAKE PLACID 1.1 WSW, FL US","27.2877","-81.3853","32.9","2024",,,,,,,,,,,,,"3.49"," ,N,0629, ",,,,,"56.62"," ,N",,,,,,,,
"USW00012854","ORLANDO SANFORD AIRPORT, FL US","28.77951","-81.24356","14.9","2024","3868",,"        0",,"         0","D","38","W,0121, ","0"," ,D,1231,+","0.0"," ,D,1231,+","6.77"," ,W,1009, ","101","W,0606, ","426","5","53.45"," ,W","0.0"," ,D","74.3","W","83.7","W","64.8","W"
"USC00085377","MARIANNA 7 NE, FL US","30.7341","-85.0305","35.1","2024",,,,,,,,,,,,,,,,,,,,,,,,,,,,
"US1FLHB0044","RUSKIN 1.8 ESE, FL US","27.705656","-82.400519","17.1","2024",,,,,"         0","N",,,,,"0.0"," ,N,1231,+","10.87"," ,N,1010, ",,,,,"61.70"," ,N","0.0"," ,N",,,,,,
"USC00080236","ARCHBOLD BIO STATION, FL US","27.18181","-81.35098","41.5","2024","3736",,"        0",,"         0","7","25","7,1203, ","0"," ,7,1231,+","0.0"," ,7,1231,+","2.81"," ,7,0902, ","100","7,0527, ","436","5","48.44"," ,7","0.0"," ,7","73.8","7","86.1","7","61.6","7"
"USC00080478","BARTOW 1 SE, FL US","27.88634","-81.83255","34.1","2024","3856",,"        0",,"         0","7","37","7,1204,+","0"," ,7,1231,+","0.0"," ,7,1231,+","5.85"," ,7,1010, ","100","7,0607, ","433","4","53.82"," ,7","0.0"," ,7","74.2","7","84.9","7","63.6","7"
"USW00012850","KEY WEST NAS, FL US","24.58333","-81.68333","1.8","2024",,,,,,,,,,,,,,,,,,,,,,,,,,,,
"USC00084289","INVERNESS 3 SE, FL US","28.80286","-82.31266","17.7","2024","3545",,"        0",,"         0","7","29","7,1203, ","0"," ,7,1231,+","0.0"," ,7,1231,+","6.92"," ,7,1010, ","100","7,0609, ",,,"60.05"," ,7","0.0"," ,7","72.5","7","84.3","7","60.6","7"
"US1FLHB0048","GREATER NORTHDALE 0.4 ENE, FL US","28.107081","-82.513162","25.9","2024",,,,,,,,,,,,,"10.75"," ,N,1010, ",,,,,"71.14"," ,N",,,,,,,,
"USC00083874","HASTINGS 4 NE, FL US","29.7652","-81.4697","3.0","2024","3159",,"        0",,"         0","7","33","7,1213,+","0"," ,7,1231,+","0.0"," ,7,1231,+","8.40"," ,7,1010, ","98","7,0610, ","829","6","67.14"," ,7","0.0"," ,7","71.2","7","81.4","7","61.1","7"
"US1FLHB0168","CARROLLWOOD VILLAGE 2.3 W, FL US","28.070012","-82.558739","11.6","2024",,,,,,,,,,,,,"11.75"," ,N,1010, ",,,,,"68.69"," ,N",,,,,,,,
"US1FLPN0035","GULFPORT 0.9 NNW, FL US","27.758823","-82.71644","5.8","2024",,,,,,,,,,,,,"7.65"," ,N,0805, ",,,,,"65.63"," ,N",,,,,,,,
"US1FLPN0034","ST. PETERSBURG 3.2 NNW, FL US","27.803252","-82.65457","15.2","2024",,,,,,,,,,,,,"10.05"," ,N,1010, ",,,,,"75.85"," ,N",,,,,,,,
"USW00012849","FORT LAUDERDALE INTERNATIONAL AIRPORT, FL US","26.07875","-80.16223","1.0","2024",,,,,,,,,,,,,,,,,,,,,,,,,,,,
"USR0000FCHE","CHEKIKA FLORIDA, FL US","25.625","-80.5797","1.5","2024","4875",,,,,,"52","U,0130, ",,,,,,,"97","U,0526,+","36","1",,,,,"78.2","U","85.1","U","71.3","U"
"US1FLAL0031","GAINESVILLE 6.5 NW, FL US","29.737964","-82.416213","55.2","2024",,,,,,,,,,,,,"5.12"," ,N,0805, ",,,,,"57.63"," ,N",,,,,,,,
"USW00012844","WEST PALM BEACH INTERNATIONAL AIRPORT, FL US","26.6851","-80.09918","3.5","2024","4718",,,,,,"48","W,1123,+",,,,,"4.81"," ,W,0430, ","99","W,0528, ","94","2","63.29"," ,W",,,"77.6","W","84.7","W","70.5","W"
"US1FLHL0012","SYLVAN SHORES 8.5 NE, FL US","27.405027","-81.246061","25.9","2024",,,,,,,,,,,,,"3.52"," ,N,0730, ",,,,,"48.85"," ,N",,,,,,,,
"US1FLLK0030","LEESBURG 2.7 NW, FL US","28.836163","-81.913656","23.2","2024",,,,,,,,,,,,,"6.19"," ,N,1009, ",,,,,"64.07"," ,N",,,,,,,,
"US1FLSW0014","SUWANNEE SPRINGS 0.9 S, FL US","30.379973","-82.936585","29.9","2024",,,,,,,,,,,,,"6.11"," ,N,0806, ",,,,,"54.16"," ,N",,,,,,,,
"US1FLIR0027","VERO BEACH 2.5 S, FL US","27.610172","-80.39295","6.4","2024",,,,,,,,,,,,,"7.06"," ,N,1010, ",,,,,"63.01"," ,N",,,,,,,,
"US1FLIR0026","VERO BEACH 3.5 SSW, FL US","27.59959","-80.416643","5.8","2024",,,,,,,,,,,,,"8.73"," ,N,1010, ",,,,,"62.10"," ,N",,,,,,,,
"US1FLHB0055","TAMPA 5.0 NNE, FL US","28.0126","-82.4155","15.8","2024",,,,,,,,,,,,,"11.79"," ,N,1010, ",,,,,"68.74"," ,N",,,,,,,,
"US1FLIR0024","VERO BEACH 3.4 W, FL US","27.642899","-80.44938","5.8","2024",,,,,,,,,,,,,"7.42"," ,N,1010, ",,,,,"61.65"," ,N",,,,,,,,
"US1FLHB0178","RUSKIN 3.2 W, FL US","27.708233","-82.48065","1.5","2024",,,,,,,,,,,,,"10.85"," ,N,1010, ",,,,,"59.69"," ,N",,,,,,,,
"USW00012861","OCALA JIM TAYLOR FIELD, FL US","29.16667","-82.23333","26.5","2024","3336",,,,,,"29","W,1203, ",,,,,,,"98","W,0614,+",,,,,,,"72.3","W","83.0","W","61.6","W"
"USC00087304","PORT SALERNO 5 W, FL US","27.0997","-80.2627","3.7","2024","3976",,,,,,"45","7,0220,+",,,,,"5.46"," ,7,0613, ","97","7,0528,+","185","0","56.72"," ,7",,,"75.3","7","83.4","7","67.2","7"
"USC00088756","TALLAHASSEE AIRPORT, FL US","30.39638","-84.35581","16.8","2024",,,"        0",,"         0","7",,,"0"," ,7,1231,+","0.0"," ,7,1231,+","4.33"," ,7,0927, ","100","7,0903, ",,,"54.24"," ,7","0.0"," ,7",,,"81.5","7",,
"USC00083986","HILLSBOROUGH RVR ST PARK, FL US","28.1469","-82.2276","16.2","2024",,,,,,,,,,,,,"12.80"," ,7,1010, ",,,,,"62.25"," ,7",,,,,,,,
"USC00087429","QUINCY 3 SSW, FL US","30.54509","-84.59855","72.2","2024",,,,,,,,,,,,,,,,,,,,,,,,,,,,
"US1FLPS0043","LAND O LAKES 1.5 SSE, FL US","28.202699","-82.440046","26.8","2024",,,,,,,,,,,,,"6.28"," ,N,1010, ",,,,,"58.68"," ,N",,,,,,,,
"US1FLHB0051","LUTZ 2.2 SSE, FL US","28.11046","-82.446","25.9","2024",,,,,,,,,,,,,"3.00"," ,N,0805, ",,,,,"49.57"," ,N",,,,,,,,
"US1FLHL0001","LAKE PLACID 4.8 NW, FL US","27.342366","-81.42898","29.6","2024",,,,,,,,,,,,,"5.78"," ,N,0729, ",,,,,"50.63"," ,N",,,,,,,,
"US1FLSL0033","FORT PIERCE 5.1 SSW, FL US","27.370372","-80.342765","1.5","2024",,,,,,,,,,,,,"5.15"," ,N,1218, ",,,,,"71.65"," ,N",,,,,,,,
"US1FLLK0021","LADY LAKE 1.2 ESE, FL US","28.92","-81.9116","27.1","2024",,,,,,,,,,,,,"7.94"," ,N,1010, ",,,,,"67.45"," ,N",,,,,,,,
"US1FLAL0026","GAINESVILLE 1.7 SE, FL US","29.65547","-82.31708","53.3","2024",,,,,,,,,,,,,"4.18"," ,N,0805, ",,,,,"51.01"," ,N",,,,,,,,
"USW00092821","TITUSVILLE 7 E, FL US","28.6159","-80.6929","0.9","2024","3438",,,,,,"40","R,0121, ",,,,,"4.41"," ,R,0611, ","94","R,0609,+","432","3","50.54"," ,R",,,"73.1","R","81.3","R","64.9","R"
"US1FLNS0017","FERNANDINA BEACH 2.3 S, FL US","30.62435","-81.442733","4.0","2024",,,,,,,,,,,,,"4.24"," ,N,0913, ",,,,,"52.88"," ,N",,,,,,,,
"US1FLBV0107","INDIALANTIC 2.1 NNW, FL US","28.116404","-80.580601","5.5","2024",,,,,,,,,,,,,"3.55"," ,N,1010, ",,,,,"55.48"," ,N",,,,,,,,
"US1FLVL0087","PORT ORANGE 0.8 NNW, FL US","29.12087","-81.01041","12.2","2024",,,,,,,,,,,,,"13.50"," ,N,1010, ",,,,,"71.01"," ,N",,,,,,,,
"US1FLIR0019","SEBASTIAN 2.0 SSW, FL US","27.759845","-80.492657","7.9","2024",,,,,,,,,,,,,"6.43"," ,N,1010, ",,,,,"49.71"," ,N",,,,,,,,
"USC00088782","TAMPA BAY AREA WEATHER FORECAST OFFICE, FL US","27.70532","-82.40092","12.2","2024","4348",,,,,,"37","7,0121, ",,,,,"10.85"," ,7,1009, ","100","7,0530, ","344","0","62.48"," ,7",,,"75.9","7","85.4","7","66.3","7"
"US1FLNS0014","FERNANDINA BEACH 6.3 SW, FL US","30.597876","-81.528411","6.4","2024",,,,,,,,,,,,,"3.84"," ,N,0910, ",,,,,"74.04"," ,N",,,,,,,,
"USC00086240","NICEVILLE, FL US","30.5316","-86.4928","22.6","2024","2746",,,,,,"18","7,0118, ",,,,,"4.30"," ,7,0514, ","99","7,0819, ","1740","6","62.40"," ,7",,,"68.2","7","78.9","7","57.5","7"
"USW00012876","WINTER HAVEN GILBERT AIRPORT, FL US","28.06137","-81.75684","43.5","2024","4233",,"        0",,"         0","D","37","W,0121, ","0"," ,D,1231,+","0.0"," ,D,1231,+","4.60"," ,W,1009, ","102","W,0606, ","387","9","48.06"," ,W","0.0"," ,D","75.7","W","85.5","W","65.9","W"
"US1FLPK0078","LOUGHMAN 2.0 ESE, FL US","28.221142","-81.544237","26.8","2024",,,,,,,,,,,,,"4.73"," ,N,1010, ",,,,,"44.11"," ,N",,,,,,,,
"USW00012873","ST PETERSBURG CLEARWATER INTERNATIONAL AIRPORT, FL US","27.91255","-82.68555","0.1","2024",,,"        0",,"         0","D",,,"0"," ,D,1231,+","0.0"," ,D,1231,+","9.18"," ,W,1009, ",,,"345","9","59.55"," ,W","0.0"," ,D",,,,,,
"USW00092827","SEBRING 23 SSE, FL US","27.1526","-81.3689","45.7","2024","3804",,,,,,"37","R,1221,+",,,,,"3.14"," ,R,1009, ","100","R,0526, ","337","2","50.41"," ,R",,,"74.4","R","85.4","R","63.4","R"
"US1FLBW0155","COOPER CITY 1.3 NE, FL US","26.057653","-80.275665","0.0","2024",,,,,,,,,,,,,,,,,,,"73.10"," ,N",,,,,,,,
"USC00088784","TAMPA 6 NE, FL US","28.05745","-82.47511","13.4","2024","4128",,"        0",,"         0","7","35","7,0121, ","0"," ,7,1231,+","0.0"," ,7,1231,+","11.65"," ,7,1010, ","100","7,0606,+",,,"74.95"," ,7","0.0"," ,7","75.0","7","85.4","7","64.7","7"
"USW00092826","EVERGLADES CITY 5 NE, FL US","25.8996","-81.3183","1.2","2024","4593",,,,,,"43","R,1204, ",,,,,"7.39"," ,R,0611, ","97","R,0812,+","113","9","71.54"," ,R",,,"77.2","R","86.1","R","68.3","R"
"US1FLPK0076","AUBURNDALE 2.4 NNE, FL US","28.1019","-81.7813","47.5","2024",,,,,,,,,,,,,"6.51"," ,N,1009, ",,,,,"54.46"," ,N",,,,,,,,
"USW00012871","SARASOTA BRADENTON AIRPORT, FL US","27.40146","-82.55863","5.3","2024","3911",,"        0",,"         0","D","39","W,0121, ","0"," ,D,1231,+","0.0"," ,D,1231,+","11.06"," ,W,0804, ","99","W,0530, ","280","7","78.07"," ,W","0.0"," ,D","75.1","W","83.4","W","66.9","W"
"USW00053853","DESTIN FORT WALTON BEACH AIRPORT, FL US","30.39333","-86.46738","5.4","2024","3343",,"        0",,"         0","D","24","W,0117, ","0"," ,D,1231,+","0.0"," ,D,1231,+","3.42"," ,W,1119, ","100","W,0807,+","1002","8","55.09"," ,W","0.0"," ,D","71.5","W","78.9","W","64.2","W"
"USW00053860","JACKSONVILLE CRAIG MUNICIPAL AIRPORT, FL US","30.33708","-81.51277","11.9","2024",,,,,,,,,,,,,,,,,,,,,,,,,,,,
"USR0000FSAN","SANBORN FLORIDA, FL US","30.23","-84.68","22.6","2024",,,,,,,,,,,,,,,,,"1143","9",,,,,,,,,,
"US1FLPB0007","SUN VALLEY 0.8 SW, FL US","26.518","-80.145","5.8","2024",,,,,,,,,,,,,"3.21"," ,N,1007, ",,,,,"69.27"," ,N",,,,,,,,
"USC00084625","KISSIMMEE 2, FL US","28.2763","-81.424","18.3","2024",,,,,,,,,,,,,"2.00"," ,7,0701,+","101","7,0609,+",,,"43.04"," ,7",,,,,"85.1","7",,
"US1FLSS0059","NORTH PORT 4.2 E, FL US","27.041008","-82.127627","6.1","2024",,,,,,,,,,,,,"3.96"," ,N,0805, ",,,,,"53.17"," ,N",,,,,,,,
"USR0000FMER","MERRITT ISLAND FLORIDA, FL US","28.6408","-80.7308","9.1","2024","3612",,,,,,"40","U,0121,+",,,,,,,"96","U,0809,+","385","1",,,,,"73.7","U","82.7","U","64.7","U"
"USR0000FWIL","WILMA FLORIDA, FL US","30.1694","-84.9344","15.2","2024","3134",,,,,,"24","U,0117, ",,,,,,,"100","U,0622, ","1123","0",,,,,"70.6","U","81.9","U","59.2","U"
"US1FLBW0159","FORT LAUDERDALE 3.7 NNE, FL US","26.188457","-80.109403","1.2","2024",,,,,,,,,,,,,"9.32"," ,N,0613, ",,,,,"68.51"," ,N",,,,,,,,
"US1FLWS0001","VERNON 10.6 WSW, FL US","30.567783","-85.87305","20.1","2024",,,,,,,,,,,,,"3.46"," ,N,0514, ",,,,,"64.66"," ,N",,,,,,,,
"USC00080945","BRADENTON 5 ESE, FL US","27.43646","-82.49022","5.2","2024","4302",,"        0",,"         0","7","38","7,0121, ","0"," ,7,1231,+","0.0"," ,7,1231,+","7.00"," ,7,0804, ","100","7,0530, ","364","3","70.43"," ,7","0.0"," ,7","75.7","7","85.0","7","66.4","7"
"US1FLWS0006","VERNON 0.5 NW, FL US","30.625276","-85.71065","13.1","2024",,,,,,,,,,,,,"3.69"," ,N,0411, ",,,,,"72.33"," ,N",,,,,,,,
"US1FLNS0021","FERNANDINA BEACH 2.4 S, FL US","30.622806","-81.452376","3.7","2024",,,,,,,,,,,,,"6.29"," ,N,0913, ",,,,,"67.49"," ,N",,,,,,,,
"USR0000FLSU","LOWER SUWANNEE FLORIDA, FL US","29.3731","-83.0344","4.6","2024","3341",,,,,,"30","U,0121, ",,,,,,,"98","U,0612, ","842","6",,,,,"71.8","U","82.5","U","61.1","U"
"US1FLMR0057","OCALA 4.6 N, FL US","29.254215","-82.126714","21.6","2024",,,,,,,,,,,,,"5.34"," ,N,0805, ",,,,,"52.20"," ,N",,,,,,,,
"USW00093805","TALLAHASSEE REGIONAL AIRPORT, FL US","30.39354","-84.35136","17.1","2024","3389",,,,,,"25","W,1204,+",,,,,"4.89"," ,W,0411, ","101","W,0902,+","1191","5","62.46"," ,W",,,"71.0","W","82.4","W","59.6","W"
"USC00084050","HOLLYWOOD, FL US","26.0281","-80.1341","2.7","2024","4445",,,,,,"50","7,0221,+",,,,,"10.50"," ,7,0613, ","96","7,0516, ","64","5","71.72"," ,7",,,"77.4","7","83.7","7","71.2","7"
"US1FLDV0071","JACKSONVILLE 11.3 WNW, FL US","30.411","-81.8252","14.3","2024",,,,,,,,,,,,,"4.38"," ,N,0806, ",,,,,"54.19"," ,N",,,,,,,,
"US1FLFL0040","PALM COAST 0.8 NNW, FL US","29.58079","-81.22079","11.0","2024",,,,,,,,,,,,,"2.50"," ,N,1006, ",,,,,"59.96"," ,N",,,,,,,,
"USR0000FCAC","CACHE FLORIDA, FL US","25.3903","-80.6803","1.5","2024","4660",,,,,,"46","U,0225, ",,,,,,,"97","U,0815, ","60","1",,,,,"77.6","U","86.3","U","68.8","U"
"USW00012885","FORT LAUDERDALE EXECUTIVE AIRPORT, FL US","26.19905","-80.17764","3.5","2024","5156",,,,,,"50","W,0220,+",,,,,"5.02"," ,W,0612, ","98","W,0815,+","61","8","65.35"," ,W",,,"78.9","W","86.1","W","71.7","W"
"US1FLVL0090","LAKE HELEN 0.9 S, FL US","28.9707","-81.2341","17.4","2024",,,,,,,,,,,,,"15.37"," ,N,1010, ",,,,,"66.70"," ,N",,,,,,,,
"USW00012882","MIAMI OPA LOCKA AIRPORT, FL US","25.91017","-80.28283","1.3","2024","4972",,,,,,"50","W,0121, ",,,,,"6.42"," ,W,0612, ","97","W,0913,+","43","9","60.36"," ,W",,,"78.4","W","85.9","W","71.0","W"
"US1FLPB0012","ABERDEEN 4.2 NNW, FL US","26.607032","-80.172049","11.9","2024",,,,,,,,,,,,,"5.40"," ,N,0625, ",,,,,"74.98"," ,N",,,,,,,,
"US1FLDV0079","JACKSONVILLE 9.6 SE, FL US","30.227373","-81.55649","9.4","2024",,,,,,,,,,,,,"6.64"," ,N,0904, ",,,,,"62.42"," ,N",,,,,,,,
"USW00012883","LAKELAND LINDER REGIONAL AIRPORT, FL US","28.0","-82.05","45.1","2024","4174",,"        0",,"         0","D","36","D,0121, ","0"," ,D,1231,+","0.0"," ,D,1231,+","8.93"," ,D,1010, ","100","D,0606, ","349","0","72.89"," ,D","0.0"," ,D","75.3","D","85.4","D","65.3","D"
"US1FLPB0013","LAKE WORTH 1.0 NNW, FL US","26.633057","-80.066103","15.8","2024",,,,,,,,,,,,,"6.15"," ,N,0323, ",,,,,"69.79"," ,N",,,,,,,,
"USC00087205","PLANT CITY, FL US","28.02091","-82.13923","33.2","2024","4522",,"        0",,"         0","7","33","7,0123,+","0"," ,7,1231,+","0.0"," ,7,1231,+","9.70"," ,7,1010, ","101","7,0813,+","412","0","70.09"," ,7","0.0"," ,7","76.1","7","87.8","7","64.5","7"
"US1FLBW0162","MARGATE 0.8 NNW, FL US","26.25633","-80.214714","7.0","2024",,,,,,,,,,,,,"4.36"," ,N,0613, ",,,,,"63.31"," ,N",,,,,,,,
"US1FLPS0015","DADE CITY 4.3 N, FL US","28.422509","-82.206011","38.1","2024",,,,,,,,,,,,,"11.14"," ,N,1010, ",,,,,"58.62"," ,N",,,,,,,,
"USC00084731","LAKE CITY 2 E, FL US","30.1852","-82.5941","59.4","2024",,,"        0",,"         0","7",,,"0"," ,7,1231,+","0.0"," ,7,1231,+",,,,,,,,,"0.0"," ,7",,,,,,
"US1FLMN0049","MARATHON 1.7 ENE, FL US","24.720189","-81.05572","0.9","2024",,,,,,,,,,,,,"5.89"," ,N,0521, ",,,,,"53.33"," ,N",,,,,,,,
"US1FLSS0063","SARASOTA 4.8 ENE, FL US","27.36217","-82.47456","8.2","2024",,,,,,,,,,,,,"7.08"," ,N,0612, ",,,,,"51.52"," ,N",,,,,,,,
"US1FLCY0054","KEYSTONE HEIGHTS 9.7 ENE, FL US","29.85054","-81.89475","43.6","2024",,,,,,,,,,,,,"3.66"," ,N,0805, ",,,,,"63.36"," ,N",,,,,,,,
"US1FLSR0026","MILTON 2.9 NW, FL US","30.663063","-87.080857","45.4","2024",,,,,,,,,,,,,"5.45"," ,N,0514, ",,,,,"73.40"," ,N",,,,,,,,
"US1FLMR0065","BELLEVIEW 3.3 SSW, FL US","29.018333","-82.080833","25.3","2024",,,,,,,,,,,,,"5.71"," ,N,1010, ",,,,,"61.26"," ,N",,,,,,,,
"US1FLFL0030","PALM COAST 4.2 SSW, FL US","29.51611","-81.24503","13.7","2024",,,,,,,,,,,,,"6.73"," ,N,1010, ",,,,,"50.89"," ,N",,,,,,,,
"US1FLFL0032","PALM COAST 1.9 NNE, FL US","29.59384","-81.19681","16.8","2024",,,,,,,,,,,,,"7.46"," ,N,1010, ",,,,,"63.06"," ,N",,,,,,,,
"US1FLFL0033","FLAGLER BEACH 1.3 SE, FL US","29.456418","-81.116289","6.1","2024",,,,,,,,,,,,,"7.34"," ,N,1010, ",,,,,"59.73"," ,N",,,,,,,,
"US1FLVL0060","PORT ORANGE 2.5 NNE, FL US","29.1452","-80.99597","7.0","2024",,,,,,,,,,,,,"9.76"," ,N,1010, ",,,,,"56.98"," ,N",,,,,,,,
"US1FLBV0005","PALM BAY 3.1 NNW, FL US","28.023488","-80.688135","11.9","2024",,,,,,,,,,,,,"3.26"," ,N,0910, ",,,,,"59.05"," ,N",,,,,,,,
"US1FLBV0126","ROCKLEDGE 0.9 NW, FL US","28.329101","-80.740489","5.8","2024",,,,,,,,,,,,,,,,,,,"46.51"," ,N",,,,,,,,
"US1FLLN0080","TALLAHASSEE 4.7 ENE, FL US","30.478754","-84.206402","53.3","2024",,,,,,,,,,,,,"8.38"," ,N,0411, ",,,,,"67.72"," ,N",,,,,,,,
"US1FLWT0022","DE FUNIAK SPRINGS 4.1 NNW, FL US","30.776521","-86.144959","75.0","2024",,,,,,,,,,,,,"3.19"," ,N,0514, ",,,,,"67.97"," ,N",,,,,,,,
"USR0000FSTM","ST. MARKS EAST FLORIDA, FL US","30.1333","-84.1333","4.6","2024","2995",,,,,,"27","U,0117, ",,,,,,,"97","U,0814,+","1030","2",,,,,"70.3","U","79.8","U","60.8","U"
"US1FLVL0063","ORMOND BY THE SEA 0.1 SSE, FL US","29.342091","-81.067134","6.7","2024",,,,,,,,,,,,,"8.75"," ,N,1010, ",,,,,"60.76"," ,N",,,,,,,,
"US1FLBV0125","MELBOURNE 2.5 S, FL US","28.079949","-80.633433","11.6","2024",,,,,,,,,,,,,"2.73"," ,N,1007, ",,,,,"44.73"," ,N",,,,,,,,
"USW00012897","NAPLES MUNICIPAL AIRPORT, FL US","26.15498","-81.77514","2.0","2024","4516",,"        0",,"         0","W","45","W,0121, ","0"," ,W,1231,+","0.0"," ,W,1231,+","4.14"," ,W,0612, ","97","W,0531, ","143","5","65.96"," ,W","0.0"," ,W","76.9","W","84.8","W","69.0","W"
"US1FLCT0041","HOMOSASSA 5.3 NNE, FL US","28.852901","-82.585779","6.7","2024",,,,,,,,,,,,,"5.64"," ,N,0805, ",,,,,"63.12"," ,N",,,,,,,,
"USW00012895","FORT PIERCE ST LUCIE CO INTERNATIONAL AIRPORT, FL US","27.49816","-80.37626","5.7","2024","3836",,"        0",,"         0","D","41","W,1203,+","0"," ,D,1231,+","0.0"," ,D,1231,+","4.46"," ,W,1009, ","98","W,0527, ","251","5","54.13"," ,W","0.0"," ,D","74.7","W","83.6","W","65.7","W"
"USW00012896","MARATHON AIRPORT, FL US","24.72624","-81.0477","0.9","2024","5379",,"        0",,"         0","D","54","W,0103, ","0"," ,D,1231,+","0.0"," ,D,1231,+","7.08"," ,W,0520, ","94","W,0912,+","9","9","49.38"," ,W","0.0"," ,D","79.6","W","84.2","W","75.1","W"
"US1FLSM0043","WINTER SPRINGS 0.6 S, FL US","28.67242","-81.27365","23.2","2024",,,,,,,,,,,,,"8.11"," ,N,1010, ",,,,,"56.47"," ,N",,,,,,,,
"USW00003818","MARIANNA MUNICIPAL AIRPORT, FL US","30.83696","-85.18352","32.8","2024","3077",,,,"         0","D","20","W,0117, ",,,"0.0"," ,D,1231,+","6.32"," ,W,0926, ","101","W,0625, ","1487","4","64.61"," ,W","0.0"," ,D","69.7","W","80.7","W","58.6","W"
"US1FLPS0006","LUTZ 3.4 NE, FL US","28.171446","-82.422326","25.9","2024",,,,,,,,,,,,,"11.66"," ,N,1010, ",,,,,"69.56"," ,N",,,,,,,,
"USW00012894","FORT MYERS SW FLORIDA REGIONAL AIRPORT, FL US","26.53805","-81.75674","8.2","2024",,,"        0",,"         0","D",,,"0"," ,D,1231,+","0.0"," ,D,1231,+",,,,,,,,,"0.0"," ,D",,,,,,
"USC00085612","MELBOURNE WEATHER FORECAST OFFICE, FL US","28.1136","-80.654","10.7","2024","3614",,,,,,"41","7,0122,+",,,,,"2.99"," ,7,1010, ","96","7,0821,+","358","7","48.05"," ,7",,,"73.9","7","81.6","7","66.3","7"
"USC00085973","MOUNTAIN LAKE, FL US","27.93779","-81.59928","38.1","2024","3921",,"        0",,"         0","7","35","7,1207,+","0"," ,7,1231,+","0.0"," ,7,1231,+","4.50"," ,7,1010, ","101","7,0611,+","469","4","42.53"," ,7","0.0"," ,7","74.6","7","85.9","7","63.2","7"
"US1FLPS0004","PORT RICHEY 2.0 NNE, FL US","28.3014","-82.7146","4.0","2024",,,,,,,,,,,,,,,,,,,"56.04"," ,N",,,,,,,,
"US1FLSM0047","SANFORD 2.5 W, FL US","28.7903634","-81.3173134","17.1","2024",,,,,,,,,,,,,"9.80"," ,N,1010, ",,,,,"55.11"," ,N",,,,,,,,
"US1FLMD0041","LINDGREN ACRES 0.7 SW, FL US","25.6633578","-80.4096612","2.4","2024",,,,,,,,,,,,,"4.32"," ,N,0613, ",,,,,"62.87"," ,N",,,,,,,,
"US1FLPS0010","DADE CITY 1.8 WSW, FL US","28.352214","-82.222508","40.2","2024",,,,,,,,,,,,,"11.25"," ,N,1010, ",,,,,"76.34"," ,N",,,,,,,,
"USC00082229","DELAND 1 SSE, FL US","29.00982","-81.2985","7.6","2024",,,,,,,,,,,,,"2.04"," ,7,0915,+",,,,,"54.49"," ,7",,,,,,,,
"US1FLSR0030","NAVARRE 4.1 ENE, FL US","30.423018","-86.8452","8.8","2024",,,,,,,,,,,,,"8.14"," ,N,0916, ",,,,,"81.22"," ,N",,,,,,,,
"USW00012888","MIAMI KENDALL TAMIAMI EXEC AIRPORT, FL US","25.64226","-80.43467","1.8","2024","4625",,,,,,"45","W,0225, ",,,,,"3.59"," ,W,0612, ","99","W,0519, ","97","9","57.28"," ,W",,,"77.4","W","85.8","W","69.1","W"
"US1FLHM0005","WHITE SPRINGS 0.3 NW, FL US","30.334","-82.762","37.2","2024",,,,,,,,,,,,,"8.09"," ,N,0806, ",,,,,"65.15"," ,N",,,,,,,,
"US1FLBW0137","POMPANO BEACH 1.2 NNE, FL US","26.25213","-80.1224","5.5","2024",,,,,,,,,,,,,"5.42"," ,N,0613, ",,,,,"73.39"," ,N",,,,,,,,
"US1FLBV0001","PALM BAY 2.6 SSE, FL US","27.951176","-80.64202","11.9","2024",,,,,,,,,,,,,"2.45"," ,N,1007, ",,,,,"54.35"," ,N",,,,,,,,
"US1FLBV0002","PALM SHORES 1.4 W, FL US","28.18825","-80.680461","11.9","2024",,,,,,,,,,,,,"4.68"," ,N,1007, ",,,,,"49.18"," ,N",,,,,,,,
"US1FLBV0123","PALM BAY 2.5 W, FL US","27.992562","-80.70071","10.7","2024",,,,,,,,,,,,,"3.58"," ,N,0910, ",,,,,"58.20"," ,N",,,,,,,,
"US1FLSR0036","JAY 4.0 WSW, FL US","30.9236","-87.2123","53.9","2024",,,,,,,,,,,,,"3.65"," ,N,0514, ",,,,,"62.61"," ,N",,,,,,,,
"US1FLOS0036","ST. CLOUD 8.0 E, FL US","28.249","-81.159","24.4","2024",,,"        0",,"         0","N",,,"0"," ,N,1231,+","0.0"," ,N,1231,+","4.71"," ,N,1010, ",,,,,"44.95"," ,N","0.0"," ,N",,,,,,
"US1FLMN0052","KEY WEST 0.4 E, FL US","24.563056","-81.768611","2.7","2024",,,,,,,,,,,,,,,,,,,"51.37"," ,N",,,,,,,,
"US1FLFL0024","PALM COAST 2.1 NNE, FL US","29.59963","-81.20458","2.1","2024",,,,,,,,,,,,,"2.43"," ,N,0907, ",,,,,"52.89"," ,N",,,,,,,,
"US1FLMN0050","KEY LARGO 3.4 NE, FL US","25.1359728","-80.3974373","1.2","2024",,,,,,,,,,,,,"11.00"," ,N,0613, ",,,,,"53.00"," ,N",,,,,,,,
"USR0000FRAC","RACCOON POINT FLORIDA, FL US","25.9708","-80.9","2.1","2024","4563",,,,,,"49","U,1204,+",,,,,,,"100","U,0606,+","66","7",,,,,"77.2","U","85.2","U","69.2","U"
"US1FLDS0003","LAKE SUZY 1.0 W, FL US","27.039043","-82.054567","7.9","2024",,,,,,,,,,,,,"3.12"," ,N,0805, ",,,,,"61.96"," ,N",,,,,,,,
"US1FLHN0026","SPRING HILL 2.4 WSW, FL US","28.471471","-82.599183","14.6","2024",,,,,,,,,,,,,"8.25"," ,N,1010, ",,,,,"63.92"," ,N",,,,,,,,
"US1FLMR0036","OCALA 14.3 S, FL US","28.976","-82.1746","24.4","2024",,,,,,,,,,,,,"9.42"," ,N,1010, ",,,,,"65.46"," ,N",,,,,,,,
"US1FLHN0024","WEEKI WACHEE 7.1 NNE, FL US","28.61052","-82.5351","11.6","2024",,,,,,,,,,,,,"8.71"," ,N,1010, ",,,,,"66.97"," ,N",,,,,,,,
"US1FLDV0091","JACKSONVILLE 10.6 NNW, FL US","30.483907","-81.701631","10.7","2024",,,,,,,,,,,,,"4.80"," ,N,0805, ",,,,,"66.74"," ,N",,,,,,,,
"US1FLPB0031","ROYAL PALM BEACH 5.0 W, FL US","26.714038","-80.30703","5.2","2024",,,,,,,,,,,,,,,,,,,"60.27"," ,N",,,,,,,,
"USW00053847","WHITING FIELD NAS SOUTH, FL US","30.69729","-87.02073","49.9","2024",,,,,,,,,,,,,,,,,,,,,,,,,,,,
"US1FLHB0098","RIVERVIEW 4.8 SSW, FL US","27.80473","-82.34099","13.4","2024",,,,,,,,,,,,,"9.38"," ,N,1010, ",,,,,"71.35"," ,N",,,,,,,,
"US1FLPB0034","PAHOKEE 1.6 NE, FL US","26.8374","-80.6471","4.3","2024",,,,,,,,,,,,,,,,,,,"44.31"," ,N",,,,,,,,
"USC00089401","WAUCHULA, FL US","27.5477","-81.7994","18.3","2024","3813",,"        0",,"         0","7","35","7,1204,+","0"," ,7,1231,+","0.0"," ,7,1231,+","4.24"," ,7,1010, ","100","7,0607,+",,,"55.76"," ,7","0.0"," ,7","74.0","7","85.6","7","62.4","7"
"USC00087228","MOUNT PLYMOUTH 1 SSW, FL US","28.7991","-81.5373","27.4","2024","3359",,,,,,"32","7,0122,+",,,,,"15.01"," ,7,1010, ","100","7,0609, ","697","3","62.98"," ,7",,,"72.1","7","83.8","7","60.4","7"
"US1FLMD0033","BISCAYNE PARK 0.3 E, FL US","25.881971","-80.176893","2.4","2024",,,,,,,,,,,,,"9.78"," ,N,0613, ",,,,,"69.38"," ,N",,,,,,,,
"US1FLPB0037","WELLINGTON 0.7 SE, FL US","26.6510124206543","-80.2475204467773","4.6","2024",,,,,,,,,,,,,"4.43"," ,N,0612, ",,,,,"61.26"," ,N",,,,,,,,
"US1FLPN0105","FEATHER SOUND 1.3 S, FL US","27.889942","-82.659935","9.4","2024",,,,,,,,,,,,,"10.56"," ,N,1010, ",,,,,"68.43"," ,N",,,,,,,,
"US1FLSS0084","NORTH PORT 5.2 NNE, FL US","27.118202","-82.158592","8.5","2024",,,,,,,,,,,,,"4.79"," ,N,0612, ",,,,,"71.47"," ,N",,,,,,,,
"US1FLBV0110","PALM BAY 3.7 NE, FL US","28.02342","-80.617358","5.5","2024",,,,,,,,,,,,,"2.80"," ,N,1010, ",,,,,"52.83"," ,N",,,,,,,,
"US1FLSS0082","ENGLEWOOD 0.2 ENE, FL US","26.961","-82.3507","3.4","2024",,,,,,,,,,,,,"6.20"," ,N,0805, ",,,,,"63.58"," ,N",,,,,,,,
"USC00085076","LISBON, FL US","28.8728","-81.7844","20.7","2024",,,,,,,,,,,,,"2.32"," ,7,0515, ",,,,,"53.90"," ,7",,,,,,,,
"US1FLVL0044","PORT ORANGE 2.9 WSW, FL US","29.1","-81.05276","7.3","2024",,,,,,,,,,,,,"11.47"," ,N,1010, ",,,,,"62.03"," ,N",,,,,,,,
"US1FLPN0090","PINELLAS PARK 1.7 ENE, FL US","27.86744","-82.68151","3.7","2024",,,,,,,,,,,,,"11.45"," ,N,0805, ",,,,,"78.43"," ,N",,,,,,,,
"US1FLHN0039","BROOKSVILLE 3.7 SE, FL US","28.510558","-82.35894","64.9","2024",,,,,,,,,,,,,"10.77"," ,N,1010, ",,,,,"69.39"," ,N",,,,,,,,
"US1FLVL0042","DAYTONA BEACH SHORES 1.8 SSE, FL US","29.149417","-80.969621","2.4","2024",,,,,,,,,,,,,"15.80"," ,N,1010, ",,,,,"65.41"," ,N",,,,,,,,
"USR0000FBLO","BLOXHAM FLORIDA, FL US","30.5872","-84.9886","30.5","2024","2972",,,,,,"23","U,0117, ",,,,,,,"100","U,0706,+","1235","1",,,,,"69.8","U","81.6","U","58.0","U"
"US1FLDV0042","JACKSONVILLE 10.3 SW, FL US","30.235","-81.78694444","21.0","2024",,,,,,,,,,,,,"3.69"," ,N,0905, ",,,,,"60.55"," ,N",,,,,,,,
"USC00086048","MUSE, FL US","26.826","-81.4915","13.1","2024",,,,,,,,,,,,,"4.61"," ,7,0613, ",,,,,"52.04"," ,7",,,,,,,,
"US1FLOR0019","UNION PARK 1.1 E, FL US","28.562445","-81.218461","19.8","2024",,,,,,,,,,,,,"6.56"," ,N,1010, ",,,,,"61.28"," ,N",,,,,,,,
"US1FLBW0076","PLANTATION 3.4 E, FL US","26.118211","-80.206628","2.4","2024",,,,,,,,,,,,,"7.57"," ,N,0613, ",,,,,"88.07"," ,N",,,,,,,,
"USW00013884","CRESTVIEW FAA AP, FL US","30.77715","-86.51938","47.1","2024","2821",,,,,,"18","W,0117, ",,,,,"2.65"," ,W,0410, ","101","W,0814, ","1656","1","53.30"," ,W",,,"68.5","W","80.7","W","56.3","W"
"USC00081276","CANAL POINT USDA, FL US","26.8639","-80.6256","9.1","2024","4137",,,,,,"47","7,0120, ",,,,,,,"98","7,0802, ","162","8","42.85"," ,7",,,"75.8","7","84.9","7","66.8","7"
"US1FLMD0022","HAMMOCKS 0.5 SSE, FL US","25.665","-80.4395","2.7","2024",,,,,,,,,,,,,"3.24"," ,N,1007, ",,,,,"59.45"," ,N",,,,,,,,
"US1FLBV0023","COCOA 2.6 WNW, FL US","28.3956","-80.7868","7.0","2024",,,,,,,,,,,,,"5.53"," ,N,1010, ",,,,,"56.69"," ,N",,,,,,,,
"US1FLHN0040","WEEKI WACHEE 1.7 NNE, FL US","28.53716","-82.56522","8.5","2024",,,,,,,,,,,,,"7.61"," ,N,1010, ",,,,,"64.93"," ,N",,,,,,,,
"US1FLPT0027","HOLLISTER 0.5 NW, FL US","29.627779","-81.819115","25.3","2024",,,,,,,,,,,,,"5.37"," ,N,1010, ",,,,,"58.33"," ,N",,,,,,,,
"US1FLBV0020","PALM SHORES 4.3 NNW, FL US","28.2439","-80.6842","6.1","2024",,,,,,,,,,,,,"3.90"," ,N,1010, ",,,,,"47.45"," ,N",,,,,,,,
"US1FLPT0026","INTERLACHEN 3.6 NNE, FL US","29.662232","-81.870032","37.5","2024",,,,,,,,,,,,,"4.12"," ,N,1010, ",,,,,"47.52"," ,N",,,,,,,,
"US1FLLN0072","TALLAHASSEE 5.0 SE, FL US","30.4106","-84.21798","31.4","2024",,,,,,,,,,,,,"10.40"," ,N,0411, ",,,,,"64.87"," ,N",,,,,,,,
"US1FLSJ0020","ST. AUGUSTINE 3.1 SSE, FL US","29.84995","-81.29036667","3.0","2024",,,,,,,,,,,,,"6.94"," ,N,1010, ",,,,,"51.98"," ,N",,,,,,,,
"US1FLCT0037","CITRUS SPRINGS 1.3 WNW, FL US","29.005867","-82.493776","33.8","2024",,,,,,,,,,,,,"7.60"," ,N,0805, ",,,,,"63.14"," ,N",,,,,,,,
"US1FLVL0051","DE BARY 1.7 NE, FL US","28.9021","-81.2945","25.9","2024",,,,,,,,,,,,,"14.73"," ,N,1010, ",,,,,"71.33"," ,N",,,,,,,,
"US1FLPT0021","CRESCENT CITY 2.0 N, FL US","29.466098","-81.520957","4.6","2024",,,,,,,,,,,,,"6.55"," ,N,1010, ",,,,,"43.57"," ,N",,,,,,,,
"US1FLMR0013","MICANOPY 3.6 SSW, FL US","29.457061","-82.299833","60.0","2024",,,,,,,,,,,,,"6.55"," ,N,0805, ",,,,,"59.89"," ,N",,,,,,,,
"USC00084095","HOMESTEAD GEN AVIATION AIRPORT, FL US","25.5011","-80.55","2.7","2024","4651",,,,,,"44","7,0226, ",,,,,"4.98"," ,7,0613, ","100","7,0520, ","92","4","62.93"," ,7",,,"77.4","7","86.6","7","68.2","7"
"US1FLJF0009","MONTICELLO 4.3 ENE, FL US","30.5576877593994","-83.8015670776367","47.9","2024",,,,,,,,,,,,,"9.69"," ,N,0411, ",,,,,"67.59"," ,N",,,,,,,,
"US1FLMR0018","BELLEVIEW 4.8 E, FL US","29.0609","-81.9759","18.6","2024",,,,,,,,,,,,,"7.28"," ,N,1010, ",,,,,"66.30"," ,N",,,,,,,,
"USC00085184","LOXAHATCHEE NWR, FL US","26.4985","-80.216","6.4","2024","4202",,,,,,"49","7,0121, ",,,,,,,"96","7,0608,+",,,,,,,"76.2","7","84.3","7","68.2","7"
"USW00013899","PENSACOLA REGIONAL AIRPORT, FL US","30.47612","-87.18575","36.0","2024","3003",,,,,,"20","W,0117, ",,,,,"3.99"," ,W,0601, ","97","W,0902, ","1217","4","64.62"," ,W",,,"70.0","W","78.4","W","61.6","W"
"US1FLDV0033","JACKSONVILLE 10.0 WSW, FL US","30.30437","-81.82263","26.5","2024",,,,,"         0","N",,,,,"0.0"," ,N,1231,+","3.36"," ,N,0806, ",,,,,"58.55"," ,N","0.0"," ,N",,,,,,
"US1FLLN0074","TALLAHASSEE 5.6 ESE, FL US","30.42558","-84.19498","21.6","2024",,,,,,,,,,,,,"9.44"," ,N,0411, ",,,,,"58.58"," ,N",,,,,,,,
"US1FLHB0114","RIVERVIEW 0.9 ENE, FL US","27.8735122680664","-82.3028869628906","7.0","2024",,,,,,,,,,,,,"9.02"," ,N,1010, ",,,,,"62.17"," ,N",,,,,,,,
"USC00084412","JOHN PENNEKAMP STATE PARK, FL US","25.1936","-80.3493","1.8","2024",,,,,,,,,,,,,"6.75"," ,7,0613, ","95","7,0816, ",,,"55.74"," ,7",,,,,"84.4","7",,
"USC00083207","FORT PIERCE, FL US","27.4419","-80.3508","7.6","2024","3829",,,,,,"44","7,0122,+",,,,,"5.46"," ,7,1218, ","97","7,0709,+","219","9","62.93"," ,7",,,"74.9","7","82.4","7","67.4","7"
"USW00003853","MAYPORT PILOT STATION, FL US","30.4","-81.41667","4.9","2024","3900",,,,,,"33","W,0117, ",,,,,,,"102","W,0610,+",,,,,,,"74.3","W","81.6","W","66.9","W"
"USW00013889","JACKSONVILLE INTERNATIONAL AIRPORT, FL US","30.49529","-81.69374","7.2","2024","3244",,"        0",,"         0","W","28","W,0121, ","0"," ,W,1231,+","0.0","T,W,0204, ","4.85"," ,W,0912, ","100","W,0623, ","1081","8","62.83"," ,W","0.0","T,W","71.0","W","81.3","W","60.7","W"
"USW00003855","PENSACOLA FOREST SHERMAN NAS, FL US","30.35","-87.31667","8.5","2024",,,,,,,,,,,,,,,,,,,,,,,,,,,,
"USC00080737","BIG CYPRESS, FL US","26.3283","-80.9958","4.6","2024",,,,,,,,,,,,,"12.59"," ,7,0612, ",,,,,"64.27"," ,7",,,,,,,,
"US1FLOK0041","SHALIMAR 1.2 NNW, FL US","30.460638","-86.589541","4.9","2024",,,,,,,,,,,,,"5.14"," ,N,0601, ",,,,,"72.96"," ,N",,,,,,,,
"US1FLBV0013","ROCKLEDGE 1.1 WSW, FL US","28.312227","-80.745553","11.9","2024",,,,,,,,,,,,,"6.45"," ,N,1010, ",,,,,"61.75"," ,N",,,,,,,,
"US1FLPN0083","CLEARWATER 1.6 N, FL US","28.00292","-82.76236","22.6","2024",,,,,,,,,,,,,"9.95"," ,N,1010, ",,,,,"70.15"," ,N",,,,,,,,
"US1FLGD0007","HAVANA 5.1 SSW, FL US","30.56082","-84.45871","64.6","2024",,,,,,,,,,,,,"5.54"," ,N,0927, ",,,,,"72.76"," ,N",,,,,,,,
"US1FLSJ0023","ST. AUGUSTINE 3.4 NW, FL US","29.9269","-81.3517","8.5","2024",,,,,,,,,,,,,,,,,,,"47.09"," ,N",,,,,,,,
"US1FLGD0009","QUINCY 7.8 WSW, FL US","30.5516","-84.7093","78.0","2024",,,,,,,,,,,,,"4.10"," ,N,0927, ",,,,,"53.86"," ,N",,,,,,,,
"US1FLPN0087","GULFPORT 0.6 SSE, FL US","27.7389","-82.7053","3.0","2024",,,,,,,,,,,,,"7.71"," ,N,0805, ",,,,,"61.70"," ,N",,,,,,,,
"US1FLPT0012","FLORAHOME 4.1 NNE, FL US","29.783161","-81.848668","29.9","2024",,,,,,,,,,,,,,,,,,,"52.42"," ,N",,,,,,,,
"US1FLES0015","GONZALEZ 2.1 E, FL US","30.568513","-87.254739","21.9","2024",,,,,,,,,,,,,"4.75"," ,N,0514, ",,,,,"72.59"," ,N",,,,,,,,
"USW00073805","NORTHWEST FLORIDA BEACHES INTERNATIONAL AIRPORT, FL US","30.34869","-85.78835","17.1","2024","3115",,,,"         0","D","23","W,0117, ",,,"0.0"," ,D,1231,+","3.87"," ,W,0627, ","99","W,0814, ","1233","1","60.23"," ,W","0.0"," ,D","70.4","W","80.7","W","60.2","W"
"USC00086065","MYAKKA RIVER ST PK, FL US","27.24012","-82.31525","5.8","2024","3683",,"        0",,"         0","7","36","7,1203, ","0"," ,7,1231,+","0.0"," ,7,1231,+","7.40"," ,7,0804, ","99","7,0531, ","455","7","67.09"," ,7","0.0"," ,7","73.7","7","84.3","7","63.2","7"
"US1FLPB0061","DELRAY BEACH 1.6 WSW, FL US","26.4419841766357","-80.1105346679688","4.9","2024",,,,,,,,,,,,,"4.14"," ,N,0613, ",,,,,"58.30"," ,N",,,,,,,,
"USC00083470","GLEN ST MARY 1 W, FL US","30.2717","-82.1856","39.0","2024",,,"        0",,"         0","7",,,"0"," ,7,1231,+","0.0"," ,7,1231,+",,,,,,,,,"0.0"," ,7",,,,,,
"US1FLCB0012","LAKE CITY 7.9 SSW, FL US","30.0812","-82.671","25.3","2024",,,,,,,,,,,,,"6.82"," ,N,0806, ",,,,,"54.32"," ,N",,,,,,,,
"US1FLLN0047","TALLAHASSEE 5.2 E, FL US","30.442466","-84.194941","31.7","2024",,,,,,,,,,,,,"10.49"," ,N,0411, ",,,,,"63.07"," ,N",,,,,,,,
"USC00088368","SOUTH BAY 15 S, FL US","26.47","-80.6402","6.1","2024","3675",,,,,,"42","7,1203, ",,,,,"6.00"," ,7,0613, ","97","7,0709,+","178","1","54.10"," ,7",,,"74.5","7","83.0","7","66.0","7"
"USW00092806","ST PETERSBURG ALBERT WHITTED AIRPORT, FL US","27.76847","-82.62568","1.3","2024","4465",,"        0",,"         0","D","41","W,0121, ","0"," ,D,1231,+","0.0"," ,D,1231,+",,,"96","W,0802,+","306","8",,,"0.0"," ,D","76.4","W","82.6","W","70.3","W"
"US1FLMD0007","SUNSET 2.4 SW, FL US","25.683459","-80.381546","11.0","2024",,,,,,,,,,,,,"4.17"," ,N,0613, ",,,,,"64.31"," ,N",,,,,,,,
"USC00085099","LIVE OAK, FL US","30.3074","-82.99364","40.2","2024",,,"        0",,"         0","7",,,"0"," ,7,1231,+","0.0"," ,7,1231,+",,,,,,,,,"0.0"," ,7",,,,,,
"USC00089219","VERO BEACH 4 SE, FL US","27.6527","-80.403","6.1","2024","3858",,,,,,"43","7,0220,+",,,,,,,"95","7,0710,+","256","0",,,,,"74.8","7","82.6","7","66.9","7"
"USW00092805","POMPANO BEACH AIRPARK, FL US","26.24636","-80.11105","4.6","2024","4925",,,,,,"50","W,1123, ",,,,,"6.44"," ,W,0612, ","96","W,0515,+",,,"62.06"," ,W",,,"78.3","W","84.6","W","72.0","W"
"USC00085895","MOORE HAVEN LOCK 1, FL US","26.84","-81.0872","10.7","2024","3681",,,,,,"41","7,0102, ",,,,,"3.30"," ,7,0613, ","98","7,0528,+","248","9","49.41"," ,7",,,"74.7","7","84.1","7","65.3","7"
"US1FLOR0046","ORLANDO 2.2 WNW, FL US","28.5139054","-81.409581","31.4","2024",,,,,,,,,,,,,"4.74"," ,N,1009, ",,,,,"58.11"," ,N",,,,,,,,
"USC00082944","FERNANDINA BEACH, FL US","30.6669","-81.4525","14.9","2024",,,"        0",,"         0","7",,,"0"," ,7,1231,+","0.0"," ,7,1231,+",,,,,,,,,"0.0"," ,7",,,,,,
"USW00092809","HOLLYWOOD NORTH PERRY AIRPORT, FL US","25.99956","-80.24119","1.9","2024","5197",,,,,,"50","D,0220,+",,,,,"7.92"," ,W,0612, ","101","D,0519, ","54","9","56.28"," ,W",,,"79.3","D","86.9","D","71.6","D"
"US1FLPT0007","SATSUMA 4.0 NE, FL US","29.5909","-81.6063","3.0","2024",,,,,,,,,,,,,"7.05"," ,N,1010, ",,,,,"60.65"," ,N",,,,,,,,
"US1FLPT0008","EAST PALATKA 3.5 NNW, FL US","29.696167","-81.626432","2.1","2024",,,,,,,,,,,,,"6.14"," ,N,1010, ",,,,,"60.48"," ,N",,,,,,,,
"US1FLSJ0034","ST. AUGUSTINE 5.1 WNW, FL US","29.91976","-81.39013","10.4","2024",,,,,,,,,,,,,"5.35"," ,N,1010, ",,,,,"61.40"," ,N",,,,,,,,
"US1FLMA0032","THE MEADOWS 6.2 NE, FL US","27.427464","-82.400139","11.9","2024",,,,,,,,,,,,,"11.07"," ,N,0805, ",,,,,"75.83"," ,N",,,,,,,,
"USC00087261","NEW SMYRNA BEACH MARINE DISCOVERY CENTER, FL US","29.0361","-80.918","4.9","2024","3607",,,,,,"38","7,0122, ",,,,,,,"98","7,0810,+","542","3",,,,,"73.2","7","80.9","7","65.4","7"
"US1FLCT0011","HERNANDO 1.6 N, FL US","28.92978","-82.37039","23.2","2024",,,,,,,,,,,,,"5.71"," ,N,1010, ",,,,,"66.08"," ,N",,,,,,,,
"US1FLPB0072","BOYNTON BEACH 6.5 WNW, FL US","26.550808","-80.182528","4.3","2024",,,,,,,,,,,,,"3.65"," ,N,1007, ",,,,,"62.09"," ,N",,,,,,,,
"US1FLBV0036","MERRIT ISLAND 9.1 N, FL US","28.479253","-80.709267","1.2","2024",,,,,,,,,,,,,"5.98"," ,N,1010, ",,,,,"52.78"," ,N",,,,,,,,
"USC00087020","PERRINE 4 W, FL US","25.5819","-80.4361","3.0","2024",,,,,,,,,,,,,,,,,,,,,,,,,,,,
"USC00085880","MONTICELLO 10 SW, FL US","30.4405","-83.9858","66.8","2024","2830",,"        0",,"         0","7","24","7,0118, ","0"," ,7,1231,+","0.0"," ,7,1231,+","6.28"," ,7,0411, ","99","7,0626, ",,,"62.06"," ,7","0.0"," ,7","69.2","7","79.2","7","59.1","7"
"USC00087025","PERRY, FL US","30.09256","-83.57095","13.7","2024",,,,,,,,,,,,,,,,,,,,,,,,,,,,
"US1FLCB0025","LAKE CITY 2.8 ESE, FL US","30.1706400573904","-82.6036491227075","49.1","2024",,,,,,,,,,,,,"2.49"," ,N,0827, ",,,,,"43.70"," ,N",,,,,,,,
"US1FLOR0027","ORLANDO 4.9 N, FL US","28.5743007659912","-81.385139465332","31.1","2024",,,,,,,,,,,,,"9.20"," ,N,1010, ",,,,,"60.86"," ,N",,,,,,,,
"US1FLPK0087","LAKELAND 5.8 NE, FL US","28.099386","-81.892181","39.9","2024",,,,,,,,,,,,,"4.19"," ,N,0612, ",,,,,"75.26"," ,N",,,,,,,,
"USW00092814","ST AUGUSTINE AIRPORT, FL US","29.95917","-81.33972","3.0","2024","3047",,,,,,"33","W,0121,+",,,,,,,"97","W,0610, ",,,,,,,"71.7","W","79.2","W","64.1","W"
"US1FLOR0026","ORLANDO 4.8 NNW, FL US","28.5722484588623","-81.3958358764648","30.2","2024",,,,,,,,,,,,,"9.77"," ,N,1010, ",,,,,"61.54"," ,N",,,,,,,,
"US1FLCB0026","FORT WHITE 2.4 E, FL US","29.916637","-82.6751257","20.7","2024",,,,,,,,,,,,,"6.30"," ,N,0805, ",,,,,"51.85"," ,N",,,,,,,,
"US1FLLN0055","TALLAHASSEE 5.5 ENE, FL US","30.4779","-84.19283","36.3","2024",,,,,,,,,,,,,"8.54"," ,N,0411, ",,,,,"64.78"," ,N",,,,,,,,
"USW00092811","MIAMI BEACH, FL US","25.8063","-80.1334","2.4","2024",,,,,,,,,,,,,"7.20"," ,7,0612, ",,,,,"73.72"," ,7",,,,,,,,
"US1FLOR0034","OCOEE 1.4 N, FL US","28.592667","-81.5285","51.2","2024",,,,,,,,,,,,,"9.92"," ,N,1010, ",,,,,"63.52"," ,N",,,,,,,,
"USC00087826","ST AUGUSTINE WTP, FL US","29.87643","-81.3101","3.7","2024",,,"        0",,"         0","7",,,"0"," ,7,1231,+","0.0"," ,7,1231,+",,,,,,,,,"0.0"," ,7",,,,,,
"US1FLMN0023","MARATHON 6.8 ENE, FL US","24.74355","-80.9788","0.3","2024",,,,,,,,,,,,,"4.89"," ,N,0520, ",,,,,"55.85"," ,N",,,,,,,,
"US1FLPK0081","AUBURNDALE 3.1 WSW, FL US","28.05147","-81.8443","38.4","2024",,,,,,,,,,,,,"9.78"," ,N,1010, ",,,,,"65.02"," ,N",,,,,,,,
"US1FLOK0029","MARY ESTHER 0.6 E, FL US","30.4109","-86.6475","4.9","2024",,,,,,,,,,,,,"7.02"," ,N,0601, ",,,,,"82.86"," ,N",,,,,,,,
"US1FLOK0020","NICEVILLE 3.4 ESE, FL US","30.512333","-86.4305","24.1","2024",,,,,,,,,,,,,"3.50"," ,N,0912, ",,,,,"57.74"," ,N",,,,,,,,
"USC00083909","HIALEAH, FL US","25.82726","-80.28592","3.7","2024",,,,,,,,,,,,,"6.33"," ,7,0613, ",,,,,"69.55"," ,7",,,,,,,,
"US1FLPB0080","BOCA RATON 3.8 WSW, FL US","26.35442","-80.164432","4.6","2024",,,,,,,,,,,,,"3.80"," ,N,0613, ",,,,,"54.07"," ,N",,,,,,,,
"US1FLHB0029","TAMPA 6.5 NNE, FL US","28.03011","-82.40623","27.1","2024",,,,,,,,,,,,,"4.33"," ,N,0805, ",,,,,"59.59"," ,N",,,,,,,,
"US1FLPB0081","PALM BEACH SHORES 1.4 N, FL US","26.79701","-80.034979","1.5","2024",,,,,,,,,,,,,"3.38"," ,N,0613, ",,,,,"61.06"," ,N",,,,,,,,
"US1FLLN0025","TALLAHASSEE 3.5 N, FL US","30.508166","-84.283457","29.9","2024",,,,,,,,,,,,,"7.76"," ,N,0411, ",,,,,"69.60"," ,N",,,,,,,,
"USC00087851","SAINT LEO, FL US","28.33809","-82.26015","52.7","2024","3678",,"        0",,"         0","7","32","7,0121, ","0"," ,7,1231,+","0.0"," ,7,1231,+","11.93"," ,7,1009, ","97","7,0606, ","532","8","65.83"," ,7","0.0"," ,7","73.6","7","83.4","7","63.8","7"
"US1FLHB0140","GREATER NORTHDALE 1.2 S, FL US","28.086432","-82.515349","18.0","2024",,,,,,,,,,,,,"10.81"," ,N,1010, ",,,,,"73.07"," ,N",,,,,,,,
"US1FLPB0087","GOLDEN LAKES 2.4 SSW, FL US","26.6674136","-80.1785257","7.9","2024",,,,,,,,,,,,,"3.64"," ,N,1007, ",,,,,"65.87"," ,N",,,,,,,,
"USC00080414","BAHIA HONDA STATE PARK, FL US","24.65963","-81.27473","2.4","2024",,,,,,,,,,,,,"3.50"," ,7,1013, ",,,"14","0","45.14"," ,7",,,,,,,,
"USC00086761","PALM BAY, FL US","27.91527","-80.64573","8.2","2024",,,,,,,,,,,,,,,,,"331","2",,,,,,,,,,
"USC00088824","TARPON SPGS SEWAGE PLANT, FL US","28.15225","-82.7538","1.8","2024","3914",,"        0",,"         0","7","35","7,0121, ","0"," ,7,1231,+","0.0"," ,7,1231,+","6.45"," ,7,1009, ","95","7,0905,+","531","8","61.15"," ,7","0.0"," ,7","74.5","7","83.2","7","65.7","7"
"US1FLDV0122","JACKSONVILLE BEACH 1.7 NW, FL US","30.29528","-81.40079","6.1","2024",,,,,,,,,,,,,"3.19"," ,N,0806, ",,,,,"45.91"," ,N",,,,,,,,
"USC00082046","CURRY HAMMOCK STATE PARK, FL US","24.74257","-80.98193","1.2","2024","5337",,,,,,"54","7,0104,+",,,,,"6.90"," ,7,1230, ","96","7,0811, ","18","9","70.04"," ,7",,,"79.5","7","85.2","7","73.8","7"
"USC00086767","PALM COAST 6 NE, FL US","29.6319","-81.2061","1.5","2024",,,"        0",,"         0","7",,,"0"," ,7,1231,+","0.0"," ,7,1231,+",,,,,,,,,"0.0"," ,7",,,,,,
"USC00086764","PALM BEACH GARDENS, FL US","26.8261","-80.1488","6.1","2024",,,,,,,,,,,,,,,,,"180","2",,,,,,,,,,
"US1FLDV0003","JACKSONVILLE 5.9 SW, FL US","30.276483","-81.730413","7.0","2024",,,,,,,,,,,,,"3.57"," ,N,0905, ",,,,,"57.10"," ,N",,,,,,,,
"USC00088942","TITUSVILLE, FL US","28.6244","-80.8169","4.9","2024","3639",,,,,,"38","7,0122,+",,,,,"7.10"," ,7,1010, ","98","7,0609, ","472","1","65.71"," ,7",,,"73.5","7","80.8","7","66.3","7"
"US1FLVL0009","DE LAND 5.7 NW, FL US","29.09954","-81.356858","21.0","2024",,,,,,,,,,,,,"10.78"," ,N,1010, ",,,,,"61.39"," ,N",,,,,,,,
"USR0000FOAS","OASIS FLORIDA, FL US","25.85","-81.03","2.4","2024","4879",,,,,,"46","U,1204, ",,,,,,,"101","U,0814,+","64","7",,,,,"78.1","U","87.6","U","68.5","U"
"US1FLCR0053","NAPLES 16.6 ENE, FL US","26.26395","-81.56185","7.6","2024",,,,,,,,,,,,,"5.43"," ,N,0613, ",,,,,"66.22"," ,N",,,,,,,,
"US1FLOR0062","OAKLAND 2.6 SSE, FL US","28.523731","-81.608362","37.8","2024",,,,,,,,,,,,,"10.48"," ,N,1010, ",,,,,"49.13"," ,N",,,,,,,,
"US1FLVL0003","DE LAND 4.5 NW, FL US","29.087","-81.344","28.0","2024",,,,,,,,,,,,,"3.32"," ,N,0915, ",,,,,"46.28"," ,N",,,,,,,,
"US1FLCR0059","NAPLES 11.8 ENE, FL US","26.22706","-81.62801","8.8","2024",,,,,,,,,,,,,"5.46"," ,N,0614, ",,,,,"94.68"," ,N",,,,,,,,
"US1FLST0009","LADY LAKE 4.3 SSW, FL US","28.869917","-81.954389","20.1","2024",,,,,,,,,,,,,"11.71"," ,N,1010, ",,,,,"65.20"," ,N",,,,,,,,
"US1FLST0026","THE VILLAGES 2.8 ESE, FL US","28.903275","-81.965788","22.3","2024",,,,,,,,,,,,,"8.50"," ,N,1010, ",,,,,"69.00"," ,N",,,,,,,,
"US1FLES0024","PENSACOLA 18.9 WSW, FL US","30.312955","-87.467244","4.0","2024",,,,,,,,,,,,,"3.06"," ,N,0514, ",,,,,"57.50"," ,N",,,,,,,,
"US1FLSL0050","PORT ST. LUCIE 1.8 SW, FL US","27.26259","-80.37666","10.1","2024",,,,,,,,,,,,,"4.69"," ,N,1218, ",,,,,"67.18"," ,N",,,,,,,,
"USC00082150","DAYTONA BEACH, FL US","29.1966","-81.0084","8.8","2024","3249",,,,,,"37","7,1204, ",,,,,"11.11"," ,7,1010, ","97","7,0821, ","495","0","52.39"," ,7",,,"72.4","7","78.6","7","66.3","7"
"US1FLMA0029","LAKEWOOD RANCH 3.5 E, FL US","27.413209","-82.368345","11.9","2024",,,,,,,,,,,,,"5.80"," ,N,1010, ",,,,,"69.02"," ,N",,,,,,,,
"USC00084571","KEY WEST WEATHER FORECAST OFFICE, FL US","24.55338","-81.78807","1.2","2024","5044",,,,,,"53","7,0101, ",,,,,"2.61"," ,7,0520, ","95","7,0720, ","26","5","50.42"," ,7",,,"78.7","7","83.9","7","73.5","7"
"USC00086078","NAPLES, FL US","26.1653","-81.6843","12.2","2024",,,,,,,,,,,,,,,,,,,,,,,,,,,,
"US1FLPB0098","ROYAL PALM BEACH 6.9 WNW, FL US","26.74734","-80.3282","6.1","2024",,,,,,,,,,,,,"8.91"," ,N,0613, ",,,,,"61.42"," ,N",,,,,,,,
"US1FLHB0033","BLOOMINGDALE 7.6 ESE, FL US","27.828269","-82.148655","32.0","2024",,,,,,,,,,,,,"10.67"," ,N,0805, ",,,,,"68.73"," ,N",,,,,,,,
"US1FLHB0154","SEFFNER 0.4 ESE, FL US","27.9942","-82.269","15.5","2024",,,,,,,,,,,,,"9.37"," ,N,1010, ",,,,,"67.42"," ,N",,,,,,,,
"USC00086634","ORLANDO WEST, FL US","28.5082","-81.5467","45.7","2024","3607",,,,,,"37","7,0122,+",,,,,"6.39"," ,7,1010, ","98","7,0610, ","525","9","61.46"," ,7",,,"73.4","7","83.2","7","63.7","7"
"US1FLHB0156","CARROLLWOOD 0.7 NNE, FL US","28.058998","-82.48711","18.0","2024",,,,,,,,,,,,,"3.95"," ,N,0805, ",,,,,"59.66"," ,N",,,,,,,,
"USC00085667","MIAMI NWSFO, FL US","25.7553","-80.3836","4.3","2024",,,,,,,,,,,,,"4.86"," ,7,0613, ",,,,,"65.85"," ,7",,,,,,,,
"US1FLHY0003","LA BELLE 2.3 WNW, FL US","26.763904","-81.474755","4.9","2024",,,,,,,,,,,,,"5.05"," ,N,0613, ",,,,,"61.45"," ,N",,,,,,,,
"US1FLOR0055","ORLANDO 6.8 W, FL US","28.529951","-81.487441","38.4","2024",,,,,,,,,,,,,"7.08"," ,N,1010, ",,,,,"51.41"," ,N",,,,,,,,
"USC00086999","PENSACOLA 7 NNE, FL US","30.5301","-87.19847","34.7","2024","2997",,,,,,"18","7,0117, ",,,,,"2.65"," ,7,1119, ","97","7,0818, ",,,"57.15"," ,7",,,"69.8","7","78.7","7","60.9","7"
"US1FLSW0001","LIVE OAK 0.4 NE, FL US","30.298514","-82.981809","32.9","2024",,,,,,,,,,,,,"4.39"," ,N,0624, ",,,,,"54.09"," ,N",,,,,,,,
"US1FLBV0052","INDIALANTIC 3.3 NNW, FL US","28.132907","-80.585547","3.4","2024",,,,,,,,,,,,,"4.19"," ,N,1006, ",,,,,"61.69"," ,N",,,,,,,,
"US1FLST0035","OXFORD 0.8 SW, FL US","28.920742","-82.04577","28.0","2024",,,,,,,,,,,,,"9.14"," ,N,1010, ",,,,,"62.66"," ,N",,,,,,,,
"US1FLMT0031","PALM CITY 1.4 NW, FL US","27.175463","-80.284975","3.7","2024",,,,,,,,,,,,,"5.85"," ,N,0613, ",,,,,"67.43"," ,N",,,,,,,,
"US1FLCH0039","GROVE CITY 2.8 NE, FL US","26.930229","-82.285098","4.0","2024",,,,,,,,,,,,,"4.33"," ,N,0623, ",,,,,"67.28"," ,N",,,,,,,,
"US1FLCH0035","NORTH PORT 1.2 SSE, FL US","27.03233","-82.190153","17.4","2024",,,,,,,,,,,,,"3.45"," ,N,0822, ",,,,,"72.56"," ,N",,,,,,,,
"USC00083153","FORT GREEN 12 WSW, FL US","27.57264","-82.1393","34.1","2024","4086",,"        0",,"         0","7","34","7,0120, ","0"," ,7,1231,+","0.0"," ,7,1231,+","10.62"," ,7,0804, ","99","7,0911,+","507","9","62.80"," ,7","0.0"," ,7","75.1","7","85.9","7","64.3","7"
"US1FLES0054","PENSACOLA 6.4 N, FL US","30.5366","-87.207","34.7","2024",,,,,,,,,,,,,"4.13"," ,N,0514, ",,,,,"63.43"," ,N",,,,,,,,
"USR0000FNAV","NAVAL LIVE OAKS FLORIDA, FL US","30.3664","-87.1375","4.6","2024","3059",,,,,,"22","U,0117, ",,,,,,,"107","U,0705, ",,,,,,,"69.5","U","77.3","U","61.6","U"
"US1FLHB0001","PLANT CITY 6.5 NW, FL US","28.066173","-82.209836","39.3","2024",,,,,,,,,,,,,"5.78"," ,N,0805, ",,,,,"55.24"," ,N",,,,,,,,
"USC00084366","JACKSONVILLE BEACH, FL US","30.2875","-81.3927","3.0","2024","3477",,"        0",,"         0","7","31","7,0117, ","0"," ,7,1231,+","0.0"," ,7,1231,+","2.87"," ,7,0806, ","98","7,0611,+",,,"50.51"," ,7","0.0"," ,7","72.4","7","79.7","7","65.1","7"
"US1FLHB0004","VALRICO 2.2 SE, FL US","27.9125","-82.2261","32.9","2024",,,,,"         0","N",,,,,"0.0"," ,N,1231,+","10.57"," ,N,1010, ",,,,,"73.41"," ,N","0.0"," ,N",,,,,,
"US1FLLE0006","BUCKINGHAM 1.7 SE, FL US","26.658553","-81.713763","13.1","2024",,,,,,,,,,,,,"5.72"," ,N,0614, ",,,,,"83.83"," ,N",,,,,,,,
"US1FLCR0071","NAPLES MANOR 2.3 ENE, FL US","26.079146","-81.685906","5.2","2024",,,,,,,,,,,,,,,,,,,"74.87"," ,N",,,,,,,,
"US1FLBY0022","PANAMA CITY BEACH 4.4 ESE, FL US","30.1807529","-85.7869488","5.8","2024",,,,,,,,,,,,,"4.22"," ,N,0514, ",,,,,"63.40"," ,N",,,,,,,,
"US1FLBY0024","PANAMA CITY 1.9 SE, FL US","30.15108","-85.65493","8.2","2024",,,,,,,,,,,,,"4.02"," ,N,0411, ",,,,,"62.76"," ,N",,,,,,,,
"USC00084802","LAKELAND 2, FL US","27.99437","-82.01378","42.4","2024","4200",,"        0",,"         0","7","36","7,0121, ","0"," ,7,1231,+","0.0"," ,7,1231,+","8.93"," ,7,1010, ","100","7,0606, ","348","5","73.21"," ,7","0.0"," ,7","75.4","7","85.4","7","65.4","7"
"US1FLBY0025","PANAMA CITY BEACH 0.8 SE, FL US","30.201578","-85.843619","11.3","2024",,,,,,,,,,,,,"4.07"," ,N,0514, ",,,,,"55.93"," ,N",,,,,,,,
"US1FLPN0071","PALM HARBOR 1.0 S, FL US","28.07288","-82.76536","8.5","2024",,,,,,,,,,,,,"11.30"," ,N,1010, ",,,,,"68.96"," ,N",,,,,,,,
"US1FLVL0103","ORANGE CITY 1.4 ENE, FL US","28.9459","-81.2732","20.1","2024",,,,,,,,,,,,,"12.00"," ,N,1010, ",,,,,"71.60"," ,N",,,,,,,,
"US1FLCH0044","PORT CHARLOTTE 9.5 SW, FL US","26.87552","-82.202125","2.7","2024",,,,,,,,,,,,,"4.35"," ,N,0805, ",,,,,"70.56"," ,N",,,,,,,,
"USR0000FOCH","OCHOPEE FLORIDA, FL US","25.9167","-81.2833","2.1","2024","4672",,,,,,"43","U,1204, ",,,,,,,"97","U,0814,+","93","5",,,,,"77.4","U","86.0","U","68.8","U"
"US1FLPN0077","SEMINOLE 3.3 WNW, FL US","27.8618","-82.83478","9.1","2024",,,,,,,,,,,,,"12.00"," ,N,1010, ",,,,,"65.23"," ,N",,,,,,,,
"US1FLVL0105","PIERSON 1.0 ENE, FL US","29.24102","-81.44502","14.6","2024",,,,,,,,,,,,,"10.20"," ,N,1010, ",,,,,"63.89"," ,N",,,,,,,,
"US1FLHB0017","SUN CITY CENTER 1.0 NE, FL US","27.7305","-82.3384","21.0","2024",,,,,,,,,,,,,"10.61"," ,N,0805, ",,,,,"70.72"," ,N",,,,,,,,
"US1FLMA0006","ELLENTON 6.6 E, FL US","27.54","-82.422","10.1","2024",,,,,,,,,,,,,"12.50"," ,N,0805, ",,,,,"70.17"," ,N",,,,,,,,
"USC00086092","NETTLES ISLAND, FL US","27.28768","-80.22144","3.0","2024",,,,,,,,,,,,,"4.54"," ,7,0613, ",,,,,"61.12"," ,7",,,,,,,,
"US1FLPS0081","DADE CITY 5.1 W, FL US","28.349121","-82.27753","55.5","2024",,,,,,,,,,,,,"12.04"," ,N,1010, ",,,,,"68.68"," ,N",,,,,,,,
"USC00089120","USHER TOWER, FL US","29.40807","-82.8188","10.1","2024","3111",,"        0",,"         0","7","28","7,1204, ","0"," ,7,1231,+","0.0"," ,7,1231,+","8.02"," ,7,0805, ","97","7,0815,+","1004","7","51.70"," ,7","0.0"," ,7","70.7","7","81.6","7","59.8","7"
"USC00087982","SANFORD, FL US","28.8147","-81.2778","3.7","2024","3784",,,,,,"38","7,0121, ",,,,,"9.20"," ,7,1010, ","100","7,0607, ","443","3","57.50"," ,7",,,"74.0","7","83.0","7","65.1","7"
"US1FLHB0010","TAMPA 5.1 S, FL US","27.885885","-82.489524","2.1","2024",,,,,,,,,,,,,"6.01"," ,N,0805, ",,,,,"62.53"," ,N",,,,,,,,
"USC00082298","DEVILS GARDEN, FL US","26.66388","-81.08998","7.9","2024",,,,,,,,,,,,,"5.83"," ,7,0612, ",,,,,"54.02"," ,7",,,,,,,,
"USC00086414","OCALA, FL US","29.1638","-82.0777","22.9","2024",,,"        0",,"         0","7",,,"0"," ,7,1231,+","0.0"," ,7,1231,+",,,,,"626","6","57.01"," ,7","0.0"," ,7",,,,,,
"USC00086657","ORTONA LOCK 2, FL US","26.7897","-81.3044","6.1","2024",,,,,,,,,,,,,,,,,,,,,,,,,,,,
"USC00081641","CLERMONT 9 S, FL US","28.4558","-81.7234","39.6","2024",,,,,,,,,,,,,"5.86"," ,7,1010, ",,,,,"53.93"," ,7",,,,,,,,
"USW00012818","BROOKSVILLE HERNANDO CO AIRPORT, FL US","28.47388","-82.45374","19.7","2024","3548",,"        0",,"         0","D","27","W,1202, ","0"," ,D,1231,+","0.0"," ,D,1231,+","6.49"," ,W,1009, ","99","W,0530, ","674","7","62.10"," ,W","0.0"," ,D","72.7","W","84.5","W","60.9","W"
"US1FLBK0007","MACCLENNY 4.9 SSW, FL US","30.216118","-82.160629","40.2","2024",,,,,,,,,,,,,"4.36"," ,N,0806, ",,,,,"53.96"," ,N",,,,,,,,
"USW00012815","ORLANDO INTERNATIONAL AIRPORT, FL US","28.41822","-81.32413","27.1","2024","4042",,"        0",,"         0","W","38","W,0121, ","0"," ,W,1231,+","0.0"," ,W,1231,+","3.79"," ,W,1009, ","99","W,0606, ","347","7","40.44"," ,W","0.0"," ,W","75.0","W","84.7","W","65.3","W"
"US1FLBK0006","GLEN ST. MARY 1.7 N, FL US","30.298508","-82.16236","36.3","2024",,,,,,,,,,,,,"3.43"," ,N,0812, ",,,,,"53.33"," ,N",,,,,,,,
"USW00012816","GAINESVILLE REGIONAL AIRPORT, FL US","29.6917","-82.27603","40.7","2024",,,,,,,,,,,,,,,,,,,,,,,,,,,,
"US1FLAL0062","MELROSE 1.7 W, FL US","29.709135","-82.066162","46.9","2024",,,,,,,,,,,,,"4.90"," ,N,0805, ",,,,,"53.35"," ,N",,,,,,,,
"USW00012812","PUNTA GORDA CHARLOTTE CO AIRPORT, FL US","26.91847","-81.99391","6.1","2024","4591",,"        0",,"         0","D","40","W,1204, ","0"," ,D,1231,+","0.0"," ,D,1231,+","2.77"," ,W,0804, ","101","W,0605,+","197","7","50.86"," ,W","0.0"," ,D","76.9","W","87.1","W","66.8","W"
"US1FLPN0060","ST. PETERSBURG 4.5 NW, FL US","27.80193","-82.69669","15.5","2024",,,,,,,,,,,,,"3.35"," ,N,0904, ",,,,,"77.46"," ,N",,,,,,,,
"US1FLMT0039","PALM CITY 0.9 SW, FL US","27.151419","-80.279563","8.2","2024",,,,,,,,,,,,,"6.22"," ,N,0613, ",,,,,"65.00"," ,N",,,,,,,,
"US1FLHL0043","SEBRING 7.9 ESE, FL US","27.4415","-81.33767","26.2","2024",,,,,,,,,,,,,"2.80"," ,N,0729, ",,,,,"40.06"," ,N",,,,,,,,
"US1FLMT0037","STUART 5.9 SSE, FL US","27.120823","-80.195424","4.6","2024",,,,,"         0","N",,,,,"0.0"," ,N,1231,+","5.06"," ,N,0613, ",,,,,"47.95"," ,N","0.0"," ,N",,,,,,
"US1FLBK0005","GLEN ST. MARY 4.4 SW, FL US","30.237","-82.2189","39.0","2024",,,,,,,,,,,,,,,,,,,"62.14"," ,N",,,,,,,,
"US1FLMT0036","JENSEN BEACH 1.4 N, FL US","27.255964","-80.235149","5.8","2024",,,,,,,,,,,,,"5.06"," ,N,1008,+",,,,,"63.60"," ,N",,,,,,,,
"USW00012819","LEESBURG MUNICIPAL AIRPORT, FL US","28.82143","-81.80963","20.8","2024","3831",,"        0",,"         0","D","34","W,0121, ","0"," ,D,1231,+","0.0"," ,D,1231,+","4.79"," ,W,1009, ","98","W,0609,+","542","2","52.42"," ,W","0.0"," ,D","73.9","W","83.3","W","64.6","W"
